high,一无所有,nnd,小心,一语道破,2到无敌,认为
hold住,干枯,人神共愤,不寒而栗,大吃一惊,out,告辞
一流,大悲,大发雷霆,毛骨悚然,五体投地,一本正经,呼吁
大方,万念俱灰,大怒,凶狠,牛B,口是心非,怂恿
大笑,口年,上诉,凶悍,牛叉,无可厚非,弥漫
大爱,乞丐,义愤,风险,牛逼,无语,降落
大喜,无力,天怒人怨,方寸大乱,可叹,无聊,经意
上进,无助,不爽,心慌,厉害,木讷,挖掘
及时,无所适从,气人,灭亡,吃惊,不值得,觉得
飞扬,无望,气死,发抖,奇异,不屑一顾,掩护
飞翔,无辜,气冲冲,发慌,奇妙,太监,假装
丰厚,内牛,气坏,地狱,奇怪,反胃,阐述
丰硕,内疚,气急败坏,在劫难逃,奇迹,反感,隐蔽
丰富,气馁,气恼,死亡,轰动,介意,缄默
开心,长吁短叹,气愤,死刑,轰轰烈烈,乏味,磁性
开朗,分离,仇怨,吓人,哎呀,勾引,歹毒
天使,分割,仇恨,后怕,诧异,勾结,心急
天堂,为难,反击,危机,居然,计较,早熟
无忧无虑,心灰意懒,反动,危急,神奇,心浮气燥,困惑
无拘无束,心疼,反攻,危险,神秘,引诱,冷峻
支持,心凉,反驳,防范,屌爆,丑陋,疯狂
不错,心焦,公愤,如坐针毡,匪夷所思,丑恶,右派
友好,心痛,火大,戒备,离奇,可耻,有权有势
友爱,心碎,火冒三丈,吞噬,探险,可恶,吐血
友谊,心酸,示威,折磨,竟然,目光短浅,吐槽
友情,以泪洗面,可气,忐忑,惊人,生硬,抓狂
友善,去世,生气,忧惧,惊世骇俗,失眠,灼热
互动,可怜,斥责,坠毁,惊讶,包袱,哇擦
中意,可惜,尼玛,担惊受怕,惊奇,讨厌,倔强
手舞足蹈,可悲,民愤,轰炸,惊诧,奴才,分歧
仁慈,叹气,发火,受惊,惊愕,幼稚,极限
分享,叹息,发泄,诚惶诚恐,惊醒,执拗,忍受
公正,失败,发怒,挣扎,喷鼻血,厌弃,隐忍
公平,失落,发脾气,威严,愕然,有恃无恐,合体
风光,失意,发飙,残酷,碉堡,有病,飘飘然
风采,犯愁,动火,战战兢兢,意想不到,自负,无休止
方便,过意不去,动怒,虐待,震惊,自私,火烧火燎
斗志,灰心,争吵,畏忌,震撼,自恋,发指
认同,灰暗,违背,畏怯,气势,自傲,对抗
认识,死者,攻击,畏惧,刺激,自暴自弃,违反
认真,同情,抗议,畏缩,诡异,杂乱,抢劫
心无旁骛,丢失,报仇,胆战心惊,惊呼,多余,纳粹
心平气和,伤口,报复,胆寒,惊疑,多情,责令
心花怒放,伤心,吵架,胆颤心惊,触目惊心,多疑,拖欠
心旷神怡,伤害,狂怒,闻风丧胆,疑惑,色情,抵抗
心直口快,伤痕,闷气,险恶,警醒,讽刺,抵御
心满意足,伤悲,没天理,绑架,火辣,奸诈,贩毒
心静,伤痛,责骂,埋伏,突击,抓耳挠腮,罔顾
心潮澎湃,伤感,丧尽天良,恐吓,蹊跷,扭曲,残忍
打扮,自责,殴打,恐怖,有木有,花心,恶劣
打败,自卑,咆哮,恐惧,纳闷,极品,破损
正直,自怨自艾,受骗,恐慌,个性,呆头呆脑,紊乱
正确,创伤,忿忿不平,恶梦,开创,呆板,消灭
甘甜,多愁善感,忿怒,害怕,无私,呆滞,棘手
可爱,忏悔,放肆,悬崖,不离不弃,呆傻,惩罚
可喜,技不如人,泄愤,着火,不得了,别扭,肆虐
平和,坎坷,泥马,深渊,气派,身在福中不知福,跟踪
平息,抑郁,背叛,惧怕,孕育,狂妄,罪名
平常,声泪俱下,骂人,惊吓,发掘,冷笑,躁动
平等,苍老,复仇,惊险,考究,闲话,亏心
平静,劳累,侵犯,惊骇,执着,闷骚,仓促
白皙,呜呜,侵权,惊恐,机敏,没事找事,负债
乐不可支,低谷,侵略,惊悚,有型,附庸,阴沉
乐观,低沉,追究,惊慌,华丽,妓女,阴暗
主动,低落,追查,惊惶,创意,拥挤,杞人忧天
宁静,肝肠寸断,怨恨,谋杀,壮观,招摇,拘谨
礼让,辛酸,怨怒,屠杀,庄严,败类,苦恼
礼遇,沧桑,急眼,惶恐,宏伟,卑贱,奔波
圣洁,沉重,恼火,惶惑,拉风,贪心,故障
吉利,沉痛,恼怒,魂飞魄散,杰出,贪婪,胆小
吉祥,忧心,恼羞成怒,暗杀,非凡,贫贱,薄弱
共勉,忧伤,恨之入骨,毁灭,耐人寻味,肮脏,特权
朴实,忧闷,恨死,摧毁,哇塞,狐狸,无动于衷
朴素,忧忧不乐,举报,疑惧,哇噻,狗屎,不满
机智,忧郁,怒不可遏,瞻前顾后,显赫,变态,迁就
过瘾,忧思,怒气,警觉,秒杀,刻板,自毁
协同,忧虑,怒火,警惕,独特,刻薄,抑制
协助,忧愁 ,怒目而视,颤抖,泰然,单调,困顿
协作,怅然,怒斥,爆炸,顽强,浅薄,贩卖
协调,穷苦,怒发冲冠,魔鬼,真神,怯懦,索赔
在乎,抱歉,怒形于色,人命关天,渊博,挖苦,烦心
在意,苦心,怒吼,处罚,惊喜,荒诞,烦乱
有利,苦闷,辱骂,自杀,博大,荒唐,烦闷
有爱,苦涩,敌人,投降,雄心,枯燥,痛恨
有趣,苦痛,敌视,围攻,雄伟,轻狂,禁止
成功,苦楚,敌意,威胁,雄厚,轻佻,忙碌
成全,若有所失,盛怒,逃走,强大,轻浮,良知
成就,杯具,深恶痛绝,骚动,新奇,轻率,百无聊赖
成熟,丧气,禽兽不如,摧残,精干,轻蔑,空气般
光明,事与愿违,愤恨,六神无主,嘹亮,哗众取宠,屌丝
光辉,郁闷,愤怒,心神不安,霸气,看不起,哭笑不得
团聚,呻吟,愤然,心悸,异常,侮辱,敏感
同意,垂头丧气,愤慨,可怕,围观,狭隘,散发
伟大,委屈,愤激,包围,夸张,狡猾,风波
休息,单薄,愤懑,发憷,宏观,狡黠,代价
休假,沮丧,窝火,死去,高超,疯癫,叮嘱
优秀,泪水,谩骂,伤亡,虚构,炫耀,机警
优势,泪奔,横眉怒目,阴影,断定,活该,急切
优点,泪流,震怒,抢救,深入,浑浊,大喊
优惠,泪崩,暴怒,求救,惊叹,神经病,无敌
优雅,泪飚,暴跳如雷,困境,惊异,诱惑,不卑不亢
自在,怜悯,激怒,灾害,雄浑,埋汰,志气
自如,怜惜,激愤,灾难,巍峨,捉弄,突围
自信,空虚,翻脸,局促,,耿耿于怀,魁梧
自豪,空落,不快,担心,,恶心,激烈
合作,屈服,扣除,担忧,,贿赂,hold不住
合适,孤单,含恨,抽搐,,脑残,动人心弦
合格,孤独,责备,丧生,,羞耻,挽救
合理,孤寂,懊恼,幽冷,,浪荡,感叹
庆祝,枯萎,进攻,幽暗,,调戏,无情
交心,相思,宣泄,迷惘,,难看,处分
交流,牵肠挂肚,刁难,迷惑,,排斥,压垮
充分,牵挂,开战,迷蒙,,虚伪,狠心
充沛,残疾,无礼,窒息,,虚荣,埋葬
充裕,思念,无理,魂不附体,,累赘,歼灭
关切,怨天尤人,反对,踌躇,,啰嗦,拼命
关心,哀伤,反抗,糟糕,,矫情,面红心跳
关怀,哀怨,凶手,无意,,笨重,瓦解
关注,哀戚,心烦,权力,,偏执,劝告
关爱,哀悼,可恨,抓紧,,得瑟,祈祷
忙里偷闲,哀婉,占据,敬畏,,毫无价值,调整
兴奋,哀痛,记恨,七上八下,,麻烦,尖刻
兴致盎然,哀愁,出兵,上下不定,,庸俗,彻底
兴高采烈,哀毁骨立,出卖,不知所措,,粗俗,冷艳
兴趣,神伤,发疯,心惊胆战,,淫秽,俨然
安心,绝望,发愤,失控,,情妇,容忍
安宁,损失,矛盾,发懵,,婊子,粗犷
安全,损坏,压制,压力,,插嘴,粗糙
安定,损害,吃醋,邪门,,欺骗,犀利
安详,逝去,争夺,传染,,散布,漠然
安适,逝者,争论,自卫,,傲慢,严肃
安逸,挫败,冲突,抢险,,猥琐,迟疑
安康,哽咽,走私,灵异,,窝囊,责任
安然,哭泣,攻占,忌惮,,谣言,迷糊
安静,唉声叹气,投诉,纷乱,,骚扰,莫名
安稳,倒闭,作孽,艰险,,肆意,逞强
许诺,徒然,你妹,逃避,,摆架子,浮躁
尽兴,脆弱,狂躁,胆怯,,鄙视,掩饰
尽情,凄怆,诅咒,恶化,,畸形,掩盖
如释重负,凄美,诋毁,恶魔,,腻味,遏制
如愿,凄迷,忍无可忍,紧张,,痴呆,强调
好心,凄凉,咒骂,疾病,,漠视,覆盖
好处,凄清,制止,森严,,嫌弃,告诫
好汉,凄惨,追捕,黑暗,,嫌恶,阻止
好听,凄婉,怨气,蔓延,,慵懒,质疑
好玩,凄楚,怨声载道,漏洞,,敷衍,刻意
好样,衰退,叛逆,撤退,,嘲弄,试图
好感,衰弱,恶意,僵硬,,嘲笑,试探
好意,疲倦,敌对,心乱如麻,,懒散,急躁
欢天喜地,疲惫,畜生,判决,,懒惰,粗鲁
欢乐,消沉,剥夺,艰巨,,懈怠,遮掩
欢迎,消瘦,猖狂,胡思乱想,,瞧不起,颠倒
欢快,悔恨,混蛋,牵连,,臃肿,辩护
欢畅,难民,愤世嫉俗,思前想后,,懦弱,支配
欢呼,难过,愤青,烈火,,嚣张,气喘
欢欣,难受,搏斗,顾虑,,蹩脚,困乏
欢悦,萧瑟,罪恶,紧迫,,霸道,取缔
欢喜,虚无,罪孽,紧急,,大惊小怪,图醉
欢愉,虚弱,嫉恨,留意,,不堪入目,昏昏欲睡
欢腾,啜泣,暴躁,剧烈,,可疑,泥泞
红润,欲哭无泪,憎恨,难度,,囧,牵动
进步,惭愧,谴责,检查,,何必,索然寡味
进取,惆怅,爆发,着急,,冷酷,消减
抚摸,惋惜,爆粗口,情急,,忍耐,浮云
贡献,惨苦,打架,隐私,,苦逼,减肥
孝顺,惨淡,责怪,隐患,,奇葩,情何以堪
孝敬,惨绿,制约,揭发,,固执,隐瞒
声誉,惨痛,野心,搜寻,,疯子,遗留
把握,寂寞,,慌忙,,弱爆,赔偿
报答,揪心,,慌乱,,勒个去,短暂
芬芳,落后,,慌张,,吸毒,摇摆
芳香,落寞,,碰撞,,违章,化装
克服,落魄,,躲避,,严禁,打酱油
求婚,辜负,,暴露,,否决,利息
更新,悲天悯人,,警戒,,拖延,侍候
励志,悲伤,,,,苛刻,浑圆
坚持,悲观,,,,依赖,恶搞
坚信,悲欢离合,,,,盲目,揭露
坚强,悲辛,,,,冒失,督促
吼吼,悲怆,,,,捕风捉影,解释
秀气,悲苦,,,,凌乱,凶险
秀丽,悲咽,,,,流氓,注意
体贴,悲哀,,,,唯唯诺诺,审慎
体谅,悲凉,,,,强迫,觉察
希望,悲悯,,,,腐败,彪悍
妥善,悲剧,,,,潜规则,停止
狂乐,悲戚,,,,二货,盘旋
狂欢,悲惨,,,,人渣,粗壮
狂笑,悲痛,,,,干涉,渗透
狂喜,悲愤,,,,下贱,锐利
迎接,悲愁,,,,小偷,强烈
闲适,悲催,,,,不可救药,摸不着头脑
沟通,悲酸,,,,不要脸,摸索
沉浸,遇难,,,,不耐烦,谨慎
沉着,遗憾,,,,仇视,疑心
沉静,筋疲力尽,,,,可笑,疑问
沉稳,痛入肺腑,,,,犯贱,疑虑
快乐,痛不欲生,,,,出位,无畏
快活,痛心,,,,压迫,坚硬
快意,痛苦,,,,厌烦,纳罕
快慰,痛惜,,,,邪恶,厚重
完成,痛楚,,,,任性,觉醒
完备,渺小,,,,伪装,雍容
改善,愧对,,,,自欺欺人,暴走
努力,愧疚,,,,企图,利害
忍俊不禁,寒心,,,,妄想,放手一搏
纯正,窘迫,,,,好自为之,烈士
纯朴,想不通,,,,扰乱,铭心刻骨
纯净,感伤,,,,拒绝,不经意间
纯洁,碰壁,,,,坑爹,内涵
纯真,暗淡,,,,杜绝,见解
奉献,愁云,,,,否认,严密
玩耍,愁肠百结,,,,私欲,幽静
表扬,愁闷,,,,低劣,炽热
表彰,愁眉不展,,,,闷热,屏牢
拓宽,愁眉苦脸,,,,没心没肺,绝对
坦诚,愁眉紧锁,,,,诈骗,深沉
坦承,愁容,,,,迟钝,智力
坦荡,催泪,,,,迟滞,模仿
坦率,煎熬,,,,妨碍,对手
坦然,酸楚,,,,驱逐,角逐
拍手称快,鼻酸,,,,纵容,审讯
拥有,精神不振,,,,纷扰,审查
拥抱,精疲力尽,,,,玩弄,封锁
幸福,歉意,,,,抹黑,要害
取胜,撕心裂肺,,,,抵触,隔离
茂密,瘫痪,,,,抱怨,撞击
英雄,憋屈,,,,松散,磕头
直率,潸然泪下,,,,歧视,呼喊
茁壮,懊丧,,,,卑劣,依靠
卖萌,懊悔,,,,受贿,贫寒
奔放,飙泪,,,,贪污,昏迷
奋斗,默哀,,,,废话,拜托
奋发图强,凝重,,,,放任,捉急
奋进,黯淡,,,,诡计,救援
到位,黯然,,,,挑剔,寂静
肯定,夕阳,,,,草率,隐藏
贤惠,百感交集,,,,荒谬,销毁
旺盛,安慰,,,,故意,焦急
果断,沉沦,,,,耍心眼,警卫
果敢,怀念,,,,是非,警示
呵护,挂念,,,,罚款,警省
呵呵,倾诉,,,,诬蔑,支援
畅快,悔悟,,,,误解,执政
明快,请求,,,,说谎,冲锋
明朗,悲喜交加,,,,埋怨,征求
明确,悲喜交集,,,,耻辱,降临
昂扬,大失所望,,,,耽误,挑战
典雅,开除,,,,耽搁,控制
忠心,无以名状,,,,恶习,欲望
忠贞,无奈,,,,索取,提醒
忠实,无精打采,,,,破坏,量力而行
忠诚,不安,,,,较劲,整顿
知足,不幸,,,,造谣,懵懂
垂青,不闻不问,,,,烦死,内向
乖巧,切肤之痛,,,,烦扰,反思
和气,切断,,,,烦躁,节俭
和好,认错,,,,浪费,纠正
和谐,心力交瘁,,,,野蛮,寻觅
和善,心累,,,,偏见,低调
和睦,打击,,,,假冒,依旧
和解,目涩,,,,盗版,单独
和蔼,失业,,,,盗窃,顾惜
侥幸,失望,,,,粗野,透露
欣幸,失魂落魄,,,,粗暴,害羞
欣喜,令人失望,,,,混乱,深刻
欣赏,头痛,,,,混浊,填补
欣然,发愁,,,,欺负,想念
欣慰,纠结,,,,鲁莽,感同身受
采纳,压抑,,,,蛮横,静止
周到,曲折,,,,渣滓,静默
饱满,伤不起,,,,强人所难,
享受,伤势,,,,强制,
放心,后悔,,,,肆无忌惮,
放松,安息,,,,罪犯,
单纯,批评,,,,嫉妒,
怡然,苍白,,,,蔑视,
审美,苍凉,,,,撒谎,
诚心,困扰,,,,撑腰,
诚实,彷徨,,,,糊涂,
诚信,冷淡,,,,憎恶,
诚恳,冷漠,,,,干燥,
诚意,忘记,,,,无知,
承诺,闷闷不乐,,,,无能,
细腻,沦丧,,,,无趣,
珍惜,沉默,,,,平庸,
珍藏,怅惘,,,,匆忙,
玲珑,穷困,,,,纠缠,
挺你,迟缓,,,,扫兴,
拼搏,抱屈,,,,厌世,
拯救,苦难,,,,丢人,
荣获,丧失,,,,丢脸,
相信,软弱,,,,伤神,
威武,受累,,,,赤裸裸,
轻快,念念不忘,,,,还不如,
轻松,昏暗,,,,困倦,
轻盈,忽视,,,,何苦,
尝试,忽略,,,,犹豫,
盼望,放弃,,,,冷冰冰,
哈哈,刻骨铭心,,,,闷屎,
贴心,陌生,,,,沉闷,
幽雅,孤立,,,,牢骚,
钟意,荒凉,,,,穷酸,
拜访,茫然,,,,废弃,
看重,幽怨,,,,歪脑子,
适宜,看不开,,,,误会,
适度,怨尤,,,,损嘲,
重视,哀嚎,,,,烦恼,
复苏,度日如年,,,,难堪,
便捷,迷茫,,,,堵塞,
顺从,迷离,,,,虚假,
顺心,恍惚,,,,晦气,
修养,缺乏,,,,笨蛋,
保佑,牺牲,,,,偏袒,
保证,倒退,,,,麻木,
保准,倦怠,,,,寒酸,
促进,健忘,,,,愚笨,
信心,衰老,,,,错误,
信用,疲乏,,,,颓废,
信任,疲劳,,,,障碍,
信赖,疲困,,,,腐朽,
俊秀,疲软,,,,憋闷,
亲切,消极,,,,人情,
亲近,流产,,,,天真,
亲和,流浪,,,,无处不在,
亲热,萎缩,,,,中庸,
亲爱,萎靡,,,,戏谑,
美好,检讨,,,,抢镜,
美丽,患得患失,,,,纷繁,
美景,崩溃,,,,幸灾乐祸,
美满,毫无希望,,,,咸湿,
美德,惘然,,,,神魂颠倒,
迷人,惨不忍睹,,,,恭维,
迷恋,惨重,,,,笑话,
洁白,焦虑,,,,殷勤,
活力,焦躁,,,,高傲,
活泼,渺茫,,,,调侃,
活跃,强颜欢笑,,,,得意,
恬美,想不开,,,,淡漠,
恬淡,颓丧,,,,傻瓜,
恬静,颓唐,,,,廉价,
宣扬,颓靡,,,,激进,
神圣,微薄,,,,无所谓,
祝贺,寝食难安,,,,厌恶,
祝福,糟心,,,,厌倦,
祝愿,反省,,,,把戏,
眉飞色舞,沙哑,,,,怀疑,
娇小,忍心,,,,屁股,
娇嫩,降低,,,,面子,
姣好,艰辛,,,,保守,
勇敢,指望,,,,叛徒,
柔软,减弱,,,,散漫,
柔美,减缓,,,,尴尬,
柔情,遗忘,,,,德行,
骄傲,稀疏,,,,藐视,
绚烂,疏忽,,,,,
艳丽,瑕疵,,,,,
振奋,碎心,,,,,
热切,零星,,,,,
热心,简陋,,,,,
热诚,触动,,,,,
热烈,解散,,,,,
热爱,歉疚,,,,,
热情,煽情,,,,,
恭喜,憔悴,,,,,
真切,,,,,,
真心,,,,,,
真正,,,,,,
真实,,,,,,
真诚,,,,,,
真理,,,,,,
逗乐,,,,,,
配合,,,,,,
原创,,,,,,
顾家,,,,,,
虔诚,,,,,,
圆满,,,,,,
积极,,,,,,
称心,,,,,,
称许,,,,,,
称职,,,,,,
称赞,,,,,,
笑死,,,,,,
笑容,,,,,,
笑脸,,,,,,
笑喷,,,,,,
笑靥,,,,,,
笑翻,,,,,,
笑爆,,,,,,
倡导,,,,,,
健壮,,,,,,
健美,,,,,,
爱心,,,,,,
爱护,,,,,,
爱情,,,,,,
爱慕,,,,,,
留恋,,,,,,
衷心,,,,,,
高兴,,,,,,
高枕无忧,,,,,,
高尚,,,,,,
高明,,,,,,
高昂,,,,,,
高贵,,,,,,
高涨,,,,,,
高雅,,,,,,
疼爱,,,,,,
浪漫,,,,,,
宽厚,,,,,,
宽容,,,,,,
宽恕,,,,,,
宽敞,,,,,,
宽阔,,,,,,
宽慰,,,,,,
容纳,,,,,,
容易,,,,,,
诺言,,,,,,
祥和,,,,,,
谅解,,,,,,
陶醉,,,,,,
理智,,,,,,
理解,,,,,,
捧场,,,,,,
推荐,,,,,,
接收,,,,,,
接受,,,,,,
聆听,,,,,,
萌,,,,,,
梦幻,,,,,,
梦寐以求,,,,,,
爽快,,,,,,
爽朗,,,,,,
雀跃,,,,,,
唯美,,,,,,
崇尚,,,,,,
崇拜,,,,,,
崇高,,,,,,
崛起,,,,,,
甜丝丝,,,,,,
甜美,,,,,,
甜蜜,,,,,,
做爱,,,,,,
悠闲,,,,,,
悠然,,,,,,
偶像,,,,,,
着迷,,,,,,
眷恋,,,,,,
清秀,,,,,,
清纯,,,,,,
清净,,,,,,
清幽,,,,,,
清脆,,,,,,
清凉,,,,,,
清爽,,,,,,
清楚,,,,,,
清新,,,,,,
清静,,,,,,
清澈,,,,,,
清醒,,,,,,
淡泊,,,,,,
淡定,,,,,,
淡雅,,,,,,
淡然,,,,,,
深爱,,,,,,
深情,,,,,,
情不自禁,,,,,,
情调,,,,,,
情谊,,,,,,
惬意,,,,,,
随和,,,,,,
随便,,,,,,
随意,,,,,,
超脱,,,,,,
超然,,,,,,
提拔,,,,,,
提高,,,,,,
喜气,,,,,,
喜从天降,,,,,,
喜乐,,,,,,
喜出望外,,,,,,
喜庆,,,,,,
喜欢,,,,,,
喜形于色,,,,,,
喜洋洋,,,,,,
喜笑颜开,,,,,,
喜爱,,,,,,
喜悦,,,,,,
喜剧,,,,,,
喜滋滋,,,,,,
喜感,,,,,,
期盼,,,,,,
期待,,,,,,
联欢,,,,,,
敬仰,,,,,,
敬重,,,,,,
敬爱,,,,,,
敬意,,,,,,
朝气,,,,,,
确切,,,,,,
确认,,,,,,
确定,,,,,,
确实,,,,,,
确凿,,,,,,
雅致,,,,,,
赏心悦目,,,,,,
稀饭,,,,,,
稀罕,,,,,,
舒心,,,,,,
舒坦,,,,,,
舒畅,,,,,,
舒服,,,,,,
痛快,,,,,,
童言无忌,,,,,,
善心,,,,,,
善良,,,,,,
善待,,,,,,
善举,,,,,,
善意,,,,,,
羡慕,,,,,,
尊重,,,,,,
尊崇,,,,,,
尊敬,,,,,,
道谢,,,,,,
遂意,,,,,,
遂愿,,,,,,
温存,,,,,,
温和,,,,,,
温顺,,,,,,
温情,,,,,,
温婉,,,,,,
温暖,,,,,,
愉快,,,,,,
富足,,,,,,
富贵,,,,,,
富裕,,,,,,
谢天谢地,,,,,,
谦让,,,,,,
谦和,,,,,,
谦卑,,,,,,
谦逊,,,,,,
谦恭,,,,,,
谦虚,,,,,,
强壮,,,,,,
瑰丽,,,,,,
鼓励,,,,,,
鼓掌,,,,,,
搞定,,,,,,
搞笑,,,,,,
勤快,,,,,,
勤奋,,,,,,
勤俭,,,,,,
蓬勃,,,,,,
感动,,,,,,
感恩,,,,,,
感谢,,,,,,
感激,,,,,,
暖和,,,,,,
暖洋洋,,,,,,
嗨皮,,,,,,
简朴,,,,,,
简约,,,,,,
简明,,,,,,
简易,,,,,,
简单,,,,,,
微笑,,,,,,
解脱,,,,,,
廉洁,,,,,,
慈悲,,,,,,
满足,,,,,,
满意,,,,,,
缠绵,,,,,,
静心,,,,,,
静谧,,,,,,
愿望,,,,,,
锻炼,,,,,,
稳当,,,,,,
稳固,,,,,,
稳重,,,,,,
魅力,,,,,,
鲜明,,,,,,
鲜艳,,,,,,
鲜嫩,,,,,,
豪迈,,,,,,
豪放,,,,,,
端庄,,,,,,
端详,,,,,,
精力,,,,,,
精神百倍,,,,,,
精神抖擞,,,,,,
精神饱满,,,,,,
精致,,,,,,
精彩,,,,,,
精确,,,,,,
潇洒,,,,,,
漂亮,,,,,,
撒欢,,,,,,
趣味,,,,,,
增收,,,,,,
增添,,,,,,
增强,,,,,,
聪明,,,,,,
聪慧,,,,,,
嘻嘻,,,,,,
踏实,,,,,,
镇静,,,,,,
靠谱,,,,,,
熟悉,,,,,,
澎湃,,,,,,
憧憬,,,,,,
履行,,,,,,
整齐,,,,,,
整洁,,,,,,
融洽,,,,,,
默契,,,,,,
赞成,,,,,,
赞同,,,,,,
赞许,,,,,,
赞助,,,,,,
赞美,,,,,,
赞赏,,,,,,
邀请,,,,,,
激动,,,,,,
激扬,,,,,,
激励,,,,,,
激奋,,,,,,
激昂,,,,,,
激情,,,,,,
豁达,,,,,,
豁朗,,,,,,
爆笑,,,,,,
才华,,,,,,
才智,,,,,,
大气,,,,,,
上档次,,,,,,
义气,,,,,,
丰满,,,,,,
王道,,,,,,
无悲,,,,,,
从容,,,,,,
亢奋,,,,,,
劝慰,,,,,,
击败,,,,,,
正义,,,,,,
正气,,,,,,
平凡,,,,,,
平淡,,,,,,
申请,,,,,,
生动,,,,,,
用功,,,,,,
乐不思蜀,,,,,,
主权,,,,,,
主宰,,,,,,
闪耀,,,,,,
永恒,,,,,,
动听,,,,,,
动容,,,,,,
有才,,,,,,
有意,,,,,,
百依百顺,,,,,,
光滑,,,,,,
同感,,,,,,
回眸,,,,,,
优异,,,,,,
优厚,,,,,,
优越,,,,,,
创新,,,,,,
壮丽,,,,,,
庆幸,,,,,,
迅捷,,,,,,
阳刚,,,,,,
好运,,,,,,
好奇,,,,,,
抚慰,,,,,,
严谨,,,,,,
轩昂,,,,,,
坚决,,,,,,
坚定,,,,,,
利益,,,,,,
何乐而不为,,,,,,
庇佑,,,,,,
没齿不忘,,,,,,
沉醉,,,,,,
怀旧,,,,,,
怀恋,,,,,,
灵敏,,,,,,
纯粹,,,,,,
顶,,,,,,
幸运,,,,,,
卓著,,,,,,
卓越,,,,,,
畅销,,,,,,
忠告,,,,,,
委婉,,,,,,
佩服,,,,,,
的确,,,,,,
刻苦,,,,,,
性感,,,,,,
详尽,,,,,,
细心,,,,,,
细致,,,,,,
珍贵,,,,,,
荟萃,,,,,,
标致,,,,,,
厚道,,,,,,
耐心,,,,,,
钦佩,,,,,,
重生,,,,,,
复活,,,,,,
便宜,,,,,,
追逐,,,,,,
洪亮,,,,,,
活宝,,,,,,
勇气,,,,,,
给力,,,,,,
顽皮,,,,,,
振作,,,,,,
捍卫,,,,,,
热泪,,,,,,
恭顺,,,,,,
恭敬,,,,,,
真相,,,,,,
原谅,,,,,,
逍遥,,,,,,
特意,,,,,,
笑而不语,,,,,,
殷切,,,,,,
高速,,,,,,
高效,,,,,,
高端,,,,,,
高潮,,,,,,
消遣,,,,,,
流口水,,,,,,
调皮,,,,,,
矫健,,,,,,
敏捷,,,,,,
脱贫,,,,,,
脱离,,,,,,
凑巧,,,,,,
淘气,,,,,,
深感,,,,,,
维护,,,,,,
维持,,,,,,
敬佩,,,,,,
辉煌,,,,,,
销魂,,,,,,
智慧,,,,,,
富丽,,,,,,
窝心,,,,,,
强化,,,,,,
缓解,,,,,,
摆脱,,,,,,
感人,,,,,,
微妙,,,,,,
新颖,,,,,,
需要,,,,,,
睿智,,,,,,
暧昧,,,,,,
精灵,,,,,,
精明,,,,,,
精辟,,,,,,
镇定,,,,,,
熟练,,,,,,
整固,,,,,,
醒悟,,,,,,
赞叹,,,,,,
邂逅,,,,,,
激越,,,,,,
专家,,,,,,
切记,,,,,,
气质,,,,,,
分配,,,,,,
心已归静,,,,,,
正常,,,,,,
古朴,,,,,,
平滑,,,,,,
平缓,,,,,,
决定,,,,,,
坚守,,,,,,
体己,,,,,,
含蓄,,,,,,
冷静,,,,,,
表达,,,,,,
果然,,,,,,
柔弱,,,,,,
唤醒,,,,,,
倾听,,,,,,
爱怜,,,,,,
恋爱,,,,,,
调节,,,,,,
商量,,,,,,
率领,,,,,,
随心所欲,,,,,,
提示,,,,,,
确保,,,,,,
确信,,,,,,
掌控,,,,,,
掌握,,,,,,
赎回,,,,,,
遂心,,,,,,
属实,,,,,,
缘分,,,,,,
感情,,,,,,
感慨,,,,,,
解除,,,,,,
解救,,,,,,
新人,,,,,,
嘱咐,,,,,,
遵守,,,,,,
